ダー・ジョナサン・リチャード,70
ベイ・シャロム,71
内野泰子,72
植林慧,73
赤間勇雄,74
ドナルド・クレイトン・バートレイ,76
小西和久,77
増田正子,78
梅森直之,85
リー・ヨンジュ,86
荒木一法,89
萩沼隆,91
船木由喜彦,94
大野聖良,95
中村理,97
山田健太,108
金平茂紀,109
瀬川至朗,110
笹倉和幸,128
金子昭彦,129
笠松学,131
星野真,132
荻沼隆,134
田中久稔,135
土屋礼子,136
田中幹人,137
トラン・ジョン,138
トクマ・ウォン,139
クリスティー・スティーブ・ジョン,140
岡本暁子,141
廣野喜幸,142
井上淳,143
深川由起子,144
小林和夫,145
大道寺隆也,146
福田耕治,147
久保田荘,149
遠矢浩規,151
小倉義明,153
坂本達哉,155
高橋周,160
阿部武司,166
高木悟,167
安達剛,168
近藤康之,169
楜澤能生,170
M・S・アロンソ,171
Ｉ・オスノ,172
医王秀行,173
マニゴ・ヴァンサン,174
オムニバス,175
マニゴヴァンサン,176
原田康也,177
森本美樹,178
小林亜希子,179
甲斐克則,180
谷昌親,181
金澤孝,182
宮川成雄,183
國分典子,184
大木正俊,185
白石大,186
浅野正彦,187
山城一真,188
大場浩之,189
廣澤明,190
小川 佳樹,191
小川佳樹,192
高橋則夫,193
松澤伸,194
水島朝穂,195
愛敬浩二,196
中島徹,197
乙黒亮,198
島田陽一,199
田村達久,200
下山憲治,201
種村佑介,202
萬歳寛之,203
鎌田東二,204
入江正勝,205
大塚英明,206
新海正,207
伊香祝子,208
渡辺徹也,209
濱田英作,210
青木則幸,211
岩村健二郎,212
田山聡美,213
ストックウェル･グレン,214
守中高明,215
張士陽,216
石巻実穂,217
尾形祥,218
野原将暉,219
岡山具隆,220
勅使川原和彦,221
本間靖規,222
棚橋洋平,223
鎌野邦樹,224
高林龍,225
大森信徳,226
関口浩,227
本多美樹,228
卯月盛夫,229
島崎裕子,230
星野太,231
落合基継,232
詫間直樹,233
TAKUMA・Naoki,234
劉傑,235
古川誠之,236
金築優,237
金亮完,238
IEDA・Osamu,239
篠田徹,240
輪湖博,241
戸田学,242
千葉清史,243
横野恵,244
田村泰一,245
鈴木利彦,246
野口智雄,247
小山田圭一,248
青木章通,249
アルマラス・ロモ・エンリケ,250
有馬哲夫,251
濱松法子,252
長谷川惠一,253
遠藤雪枝,254
堀内 香織,255
堀内香織,256
阿部敬子,258
吉田和夫,259
新井剛,260
和田宗久,261
中村信男,262
福島隆,263
武井寿,264
恩蔵直人,265
守口剛,266
高瀬浩一,267
山下里香,268
谷口みゆき,269
千葉敦,270
片岡孝夫,271
大橋里見,272
山本伍紀,273
富蓉,274
笹原宏之,275
辻内宣博,276
岡部遊志,277
里見繁美,278
王瑞来,280
浜田久美子,282
中出哲,283
原田慎一,284
李洪茂,285
新井巧磨,286
奥西康宏,287
篠原靖明,288
齋藤正章,289
木村和美,290
志田陽子,291
佐藤麻耶子,292
ケイトエルウッド,293
ウォン・エリック,294
ブラウン・マーニー,295
酒井志延,296
佐藤洋一,297
N.K.ウィリアムズ,298
恩藏直人,299
守山正,300
伊藤嘉博,301
鷲津明由,302
谷口郁生,303
税所哲郎,304
スズキトモ,305
遠藤晶久,306
エルヴィン・クリストファー,307
E・ヘルメル,309
フェレーラ・ダニエル・イナシオ,310
J・チャールズ,311
Ｐ・Ｒ・マッキネス,312
ウォン・エリック・ジェームズ,313
吉野孝,314
近藤圭一郎,315
村田昇,316
アラストゥルエイ　メリノ　ハビエル/サンティアゴ,317
アラストゥルエイ・メリノ・ハビエル・サンティアゴ,318
高一,319
イ・ファジョン,320
イン・ソンヒ,321
室井禎之,322
大鹿智基,323
鈴木俊晴,324
縣公一郎,325
町田遼太,326
伊藤比呂美,327
堀内正規,328
原山卓久,329
小林幸夫,330
若林大我,331
青木隆朗,332
豊田唯,333
田中雅史,334
箕輪茂,335
政岡潔子,336
稲生信男,337
膳場百合子,338
稲継裕昭,339
高松寿夫,340
久保克行,341
大野裕之,342
多辺由佳,343
大木満,344
坂口勝彦,345
奥迫元,346
永井保成,347
斎藤純一,348
長坂浩史,349
久保純子,350
釜賀浩平,351
棟居徳子,352
横山将義,353
小林真理,355
多湖淳,356
早田宰,357
下村周太郎,358
安原晃,359
中村英俊,360
沢田賢,361
毛利裕昭,363
豊田真穂,364
小村優太,365
天田城介,366
都丸潤子,367
栗崎周平,368
川崎賢子,369
國弘暁子,370
早稲田みな子,371
佐道直身,372
岡本健,373
小西秀樹,374
松永美穂,375
高橋百合子,376
吉田敬,377
引田隆也,378
若尾真治,379
笹田栄司,380
合田亘人,381
鎌田東ニ,382
闐闐孝介,383
佐藤龍三郎,384
清水和巳,385
下川哲,386
谷藤悦史,387
岡野俊行,388
遠藤正敬,389
田原優,390
坂内博子,391
柴田重信,392
大内勇也,393
篠潤之介,394
井上貴文,395
川口浩,396
久保田斉也,397
大木義路,398
坂庭淳史,399
国吉知樹,400
石山敦士,401
金鉉洙,402
赤松エンリコ,403
長谷川悦郎,404
市川真人,405
伊藤直子,406
斉藤寿雄,407
尾野嘉邦,408
堀内美江,409
西郷浩,410
山崎新,411
多辺由香,412
南雲勇多,413
紀旭峰,414
河野勝,415
貝森時子,416
浜野喬士,417
小澤徹,418
曽根博隆,419
呉志剛,420
森井良,421
高山裕二,422
齊藤泰治,423
西川雅史,424
榊原春水,425
佐山一,426
牧本俊樹,427
内田日出海,428
リーブス・クリストファー,429
朝日透,430
曽布川拓也,431
花岡龍毅,432
松方正彦,433
本間敬之,434
栩木伸明,435
関根泰,436
門間聦之,437
マルティ・オロバル・ベルナット,438
武田直也,439
周藤真也,440
清水美里,441
刈間文俊,442
飯山知保,443
開沼泰隆,444
柿沼陽平,445
前田恵一,446
宗田孝之,447
李成市,448
山田章一,449
勝藤拓郎,450
高木小苗,451
石岡良治,452
師岡カリーマ・エルサムニー,453
笠島洋一,454
小田島恒志,455
竹田恵子,456
弦間正彦,457
馬場広信,458
尾崎安央,459
広田真一,460
大月博司,461
坂野友昭,462
藤田誠,463
三橋平,464
梁取美夫,465
井上達彦,466
日野健太,467
小山由紀江,468
原田哲男,469
オオガ・ボールドウィン,470
増子美穂,471
長谷川 惠一,472
和氣一成,473
佐久間由梨,474
マキュワン麻哉,475
三好力,476
荒木圭子,477
山本律,478
田ノ口正悟,479
中村みどり,480
藁谷友紀,481
青木正子,482
鈴木無ニ,483
原正雄,484
小川利康,485
山本慎,486
桝田倫広,487
丸井憲,488
大森北文,489
金スンオグ,490
高橋尚子,491
福川康之,492
和田修,493
関浩志,494
J・Oセグ,495
秋山英三,496
チンロ,497
高橋一嘉,498
和田佐和子,499
近藤宏,500
尾崎真理子,501
大日方純夫,502
佐川享平,503
明戸隆浩,504
後藤雄介,505
長谷川琢哉,506
大澤真幸,507
岡室美奈子,508
高橋順一,509
竹原幸太,510
村井翔,511
近藤牧子,512
馬場匡浩,513
森山至貴,514
益田朋幸,515
フェノ・マルタン,516
小沼純一,517
山岡華菜子,518
竹内京子,519
柴森,520
王俊文,521
鈴木無二,522
水谷八也,523
橋本幸枝,524
石田光規,525
細井尚子,526
陣野俊史,527
高野孝子,528
菊地浩平,529
冬木ひろみ,530
藤井慎太郎,531
高橋恭子,532
トレナド・パロマ,533
小松弘,534
プラナス・ナバロ・イネス,535
小島宏,536
鄭有希,537
橋徹,538
小倉博行,539
芥川正洋,540
浜邦彦,541
小森洋平,542
堀口貫治,543
上沼正明,545
阿川敏恵,546
松永典子,547
今村浩,548
阿比留久美,549
戸田博之,550
新井 巧磨,551
桑子利男,552
木村晶子,553
ケイ・ハスキー,554
ジェームズ・アンドリュー・スタンリー,555
行名一夫,556
金森強,557
平野真理,558
五島一美,559
岡部耕典,560
大石瑶子,562
樽本英樹,563
宮城徳也,564
永井 裕人,565
川辺 文久,566
岩切信一郎,567
佐藤章,568
嶋村和恵,569
鈴木由紀,570
阪口規純,571
仲道祐樹,572
横田一彦,573
八重倉孝,574
日高義浩,575
奥村雅史,576
姜華,577
山本剛,578
三田　雅敏,579
上坂保仁,580
飛田正之,581
橋本剛明,582
河崎健,583
高津 秀之,584
前川 真奈美,585
高瀬 弘樹,586
山口 善昭,587
平山廉,588
秋葉丈志,590
ホリー・デイヴィッド,591
桜井洋,592
ハーツハイム・ブライアン・ヒカリ,593
シャオ・リチュン,594
石川竜一郎,595
ティモシー・フェイガン,596
ベルナール ローズマリー,597
リー・マージ・クリスティン,598
山崎 亜希子,599
河原 温,600
森山秀,601
高畠純夫,602
塩満栄司,603
田中丹史,604
永井鉄郎,605
井口博文,606
加藤 陽一郎,607
宮田　庸一,608
桜井啓子,609
草野慶子,610
東玲奈,611
竹林和彦,612
二宮穣,614
バク・サンジュン,615
Rachel Foster,616
近藤眞理子,617
北山雅昭,618
江秀華,620
生井健一,621
花井みわ,622
マックニール・デイビッド,623
レウレリン・スティーブン,624
王紅艶,625
應武・マーガレット・パイン,626
チャン・エドワード・ケイ,627
平埜雅久,628
三神弘子,629
張望,630
原克彦,632
陳焔,633
片岡貞治,634
山内淳,635
三尾忠男,636
矢澤翔,637
十重田和由,638
藤倉健雄,639
川尻秋生,640
ベーコン・ポール・マルティン,641
山路進,642
ポカリア・クリストファー,643
長坂真澄,644
タンシンマンコン・パッタジット,645
小林宏己,646
黄斌,647
長谷正人,648
森川友義,649
マニング・ジュリアン,650
大傍正規,651
佐藤晴雄,652
檜垣樹理,653
藤井仁子,654
寛康好美,655
間藤茂子,656
武田潔,657
羽入田眞一,658
荒井洋一,659
内田兆史,660
ステレンバーグ・マシュー・ケイン,661
星原大輔,662
大久保孝治,663
野村亞住,664
堀田千里,665
内藤明,666
井上和人,667
ドボルザーク・グレッグ,668
大稔哲也,669
ドゥテ・シルヴァン・マッチュウ・ジュリアン,670
河野龍也,671
松本隆志,672
ローズマリー　ダウィッド,673
和田敦彦,674
井上優,675
寺尾範野,676
渡辺和則,677
池谷知明,678
堀芳枝,679
辻健太,680
土屋彰久,681
林加奈子,682
梶田裕,683
高頭麻子,684
石濱裕美子,685
宇佐美尋子,686
千田洋幸,687
印南洋,688
町田守弘,689
加藤貴,690
松浦秀治,691
山崎晴雄,692
若林幹夫,693
大泉義一,694
茅野政徳,695
佐藤寛之,696
財前謙,697
松本直樹,698
椎名乾平,699
山西優二,700
箸本健二,701
松田憲忠,702
清水由紀,703
園池公毅,704
金山光一,705
加藤卓,706
小野寺正己,707
内田塔子,708
細馬宏通,709
岡田佳子,710
髙橋あつ子,711
久米依子,712
直原典子,713
小森宏美,714
山田真茂留,715
土屋淳二,716
津田好美,717
岡本智周,718
工藤雅人,719
森元孝,720
柳澤明,721
日尾野裕一,722
戸邉秀明,723
大野太幹,724
嶋崎尚子,725
澤直哉,726
三代舞,727
野村正次郎,728
駒田陽子,729
宮田裕光,730
伊藤瑞康,731
小笠原能仁,732
吉村郊子,733
加藤尚志,734
町原秀二,735
西田文信,736
村田宏,737
喜夛孝臣,739
藤澤まどか,740
中村國則,741
高木徳郎,742
大橋幸泰,743
片岡豊,744
湯川次義,745
黒田祥子,746
梅永雄二,747
熊谷恵子,748
田沼光明,749
川口晴美,750
関根明伸,751
藤井千春,752
太田亨,753
阪脇孝子,754
家永香織,755
大森聡一,756
野中哲照,757
澤口隆,758
大津雄一,759
田渕句美子,760
佐藤浩一,761
守屋和佳,762
堀誠,763
山内昌和,764
濱田寛,765
矢ヶ崎太洋,766
村上公一,767
福家俊幸,768
高野浩,769
内山精也,770
李棋,771
倉持貴文,772
羅奇祥,773
冨永正人,774
藁谷哲也,775
桜井圭介,776
橋本一径,777
小野正嗣,778
佐々木匠,779
福山智,780
貝澤哉,781
中島万紀子,782
鈴木雅雄,783
花山周子,784
伊藤比吕美,785
斎藤公一,786
松前もゆる,787
陣野英則,788
肥田路美,789
苅宿紀子,790
上野理恵,791
高橋利枝,792
兼利琢也,793
高橋透,794
田畑幸嗣,795
大石雅彦,796
宮崎薫,797
甚野尚志,798
ヨセフ・マイケル・カリーム,800
中野佳裕,801
齋藤敬之,802
鈴木喜晴,803
鈴木修三,804
根岸康夫,805
松村悠子,806
坂内太,807
長島有里枝,808
高屋亜希,809
藤本一勇,810
廣瀬直記,811
チェン・ドミニク,812
濱口幸一,813
小塩真司,814
立花史,815
ディアリオ・ギャレット,816
岸加那子,817
中尾照代,818
ヒール・ルイーズ,819
森山卓郎,820
鳥羽耕史,821
近藤悠介,822
中島宏治,823
小山淑子,824
杉森絵里子,825
二文字屋修,826
和田琢磨,827
堀尾 正明,828
瀧澤 武信,829
水藤新子,830
田中史生,831
似鳥雄一,832
スライマーン,833
アラーエルディーン,834
榮谷温子,835
小林学,836
市村太郎,837
二文字屋脩,838
高松正毅,839
山崎亜希子,840
太田淳,841
楢山満照,842
文珍瑛,844
尹永洙,845
森由利亜,846
峰尾公也,847
木名瀬紀子,848
三ツ井崇,849
横田貴之,850
金丸良子,851
島岡未来子,852
本木弘悌,853
後藤貴徳,854
森田貴子,855
城内史子,856
包國友幸,857
ビオンディ・マルコ,858
岡田昭夫,859
大友有,860
村田信之,861
加藤基樹,862
前園 久智,863
尾上玲央奈,864
高橋佳子,865
杉本亮子,866
久野禎子,869
稲垣太郎,870
中山祐貴,871
中村優一,872
細谷剛,873
友成真一,874
李洸昊,875
碓田拓磨,876
岩井雪乃,877
蒲谷宏,879
ジェニングズ・スティーブン,880
スロボッドニウ・アダム・ジョン,881
バーティウム,882
バートン,883
エセックス・ジェームス,884
スズキ・スティーブン・タロー,885
坂井滋和,886
マーティン・ジェローム・ポル,887
マッキネス・ピーター・ロバート,888
堀八重子,889
金井謙治,890
甲藤二郎,891
喜連川優,892
木戸冬子,893
片田房,894
中島達夫,895
内田真人,896
中里秀則,897
匂坂芳典,898
笠原博徳,899
木村啓二,900
深澤良彰,901
鷲崎弘宜,902
酒井哲也,903
西口拓子,904
久藤衡介,905
床鍋剛彦,906
佐川健太郎,907
上田和紀,908
欅惇志,909
柏木雅英,910
寺内多智弘,911
吉田誠,912
高西淳夫,913
矢田部浩平,914
村上順,915
土田環,916
小山晃,917
大石進一,918
清水泰隆,920
谷口正信,921
ゲスト・マーティン,922
古賀潤一郎,923
水谷雅志,924
小松原聡,925
篠崎武久,926
岩崎健久,927
米田元,928
森達哉,929
松嶋敏泰,930
小川哲司,931
山名早人,932
菅原俊治,933
柳澤政生,934
小松聡,935
山中由也,936
大貫 浩二,937
河原大輔,938
嶺幸太郎,939
坂口哲啓,940
舟木直久,941
高橋久美,942
楫元,943
郡司幸夫,944
柴田良弘,945
山崎昌男,946
宇高勝之,947
橋本喜一朗,948
川西哲也,949
戸川望,950
史又華,951
渡邉孝信,952
ユハース・ミクローシュ,953
永田靖,954
益田裕一,955
関根正人,956
柴山知也,957
岩波基,958
鬼頭朋見,959
吉永真理,960
栗原正典,961
桜井厚二,962
小平尚典,963
森康晃,964
古川行夫,965
古谷誠章,966
後藤正幸,967
厚香苗,968
高橋真吾,969
今井博,970
近藤高弘,971
佐々木邦明,972
佐々木葉,973
佐藤靖彦,974
坂巻義章,975
榊原豊,976
笹川幸則,977
山口素夫,978
秋山充良,979
渋谷裕子,981
小松原明哲,982
小峯秀雄,983
小野潔,984
小林弘知,985
上田匠,986
新井大祐,987
森本章倫,988
斉藤公一,989
石村康生,990
赤木寛一,991
前田寿郎,992
角間ふみ,995
グレイ・ロバート・レイモント,996
早水桃子,997
杉本清香,998
早部安弘,999
満尾貞行,1000
朝日祥之,1001
ケネス・ウェイン・ビーゲル,1002
大下範幸,1003
大野高裕,1004
陳愛玲,1005
椎名孝之,1006
蓮池隆,1007
浅田匡,1008
井上真,1009
森本豊富,1010
田中康寛,1011
中西啓喜,1012
渡部良子,1013
向後千春,1014
香村一夫,1015
内村悦生,1016
渡邉秀俊,1017
内田理,1018
西田光良,1019
内藤順子,1020
白春岩,1021
薄葉季路,1022
福島延久,1023
有賀隆,1024
矢口哲也,1025
菊池浩平,1026
久保隆徹,1027
加瀬裕子,1028
松葉剛,1029
余語琢磨,1030
桂川泰典,1031
小野充一,1032
長澤夏子,1033
中垣恒太郎,1034
竹中宏子,1035
谷川章雄,1036
関根和生,1037
外山紀子,1038
後藤麻衣子,1039
帆苅基生,1040
風間健太郎,1041
内田宏美,1042
太田俊二,1043
古山周太郎,1044
柏雅之,1045
松本淳,1046
三澤健太郎,1048
永島計,1050
山田和芳,1051
若林芳樹,1052
松居辰則,1053
武田尚子,1054
岸本健,1055
小泉龍人,1056
本山謙二,1057
熱田敬子,1058
川崎弥生,1059
松本泰介,1061
山浦アンヘラ,1062
櫻井道子,1063
蓜島旭,1064
布山美慕,1065
近藤嘉高,1066
佐野雅規,1067
杉澤武俊,1068
赤間高雄,1069
トンプソン・リー・Ａ,1070
作野誠一,1071
岡田純一,1072
原田宗彦,1073
町田光,1074
武藤泰明,1075
松岡宏高,1076
小林美由紀,1077
遠藤俊郎,1078
工藤龍太,1079
中川剣人,1080
村上公子,1081
オストヴァルト・イェンス,1082
吉冨友恭,1083
加藤公一,1084
大黒岳彦,1085
植村清加,1086
上尾信也,1087
池岡義孝,1088
李泰俊,1089
小林正樹,1090
高澤涼子,1091
尾澤重知,1092
佐野友紀,1093
掛山正心,1094
小島隆矢,1095
嶋田正和,1096
原知章,1097
加藤麻樹,1098
三嶋博之,1099
野村亮太,1100
西村昭治,1101
中澤篤史,1102
巖淵守,1103
城綾実,1104
麓正博,1105
細川由梨,1106
浅川達人,1107
樋口直人,1108
木村和彦,1109
山根伸洋,1110
小西啓史,1111
藤田康範,1112
佐野毅彦,1113
井上典之,1114
里見龍樹,1115
谷真如,1116
川島浩平,1117
高橋敏,1118
加藤智子,1119
太田章,1120
深井祐紘,1121
松田俊介,1122
池内泰明,1123
澤崎康,1124
鹿倉二郎,1125
藤江創,1126
窪田暁,1127
植村尚史,1128
大月友,1129
秋山茂盛,1130
熊野宏昭,1131
藤井和彦,1132
坂上康博,1133
澤田亨,1134
松澤淳子,1135
伊東和雄,1136
平山邦明,1137
野中利子,1138
後藤 孝也,1139
後藤孝也,1140
Nathan Camillo Sidoli,1212
Ｏ・デュスッド,1213
ヴァレリー・グレチュコ,1214
ウェナーマーク・エリック・ピータ,1215
エステバン・ミゲル,1216
カルトン・マルティヌ,1217
グレイ・マシュー・バリー,1218
ケイト・エルウッド,1219
コーエン・ジャックリーヌ,1220
ゴラニ・ソロモン・エレズ,1221
ジャンネッティニコロ,1222
スズキ・トモ,1223
スナムラメシュクマラ,1224
ダイヤー・マイケル・Ｗ・Ａ,1225
チン・ロ,1226
ティモシー・ジェイ・フェイガン,1227
ドーラン ・スティーヴン,1228
トレンソン・スティーブン,1229
バックハウス・ペート,1230
パリシュ・ロリ,1231
フィールド・マルコム,1232
フェラーロ・ティモシー・クリントン,1233
ブリンクマン・ブルース,1234
ベイ・シャローム,1235
ベーコン　ポール・マルティン,1236
ベナー聖子,1237
ベルテ・ディディエ,1238
ポッペ・クレメンス,1239
マグズ・アンドリュウ・ジョン,1240
マスワナ紗矢子,1241
メール・フランク・アルノー,1242
ラーデマッハ・クリストフ,1243
ライアン・スティーブン,1244
レイナ・マイケル・ジェイムズ,1245
阿由葉恵利子,1246
穐山新,1247
綾部素幸,1248
安田豪毅,1249
伊川健二,1250
伊藤国浩,1251
伊藤健一郎,1252
伊藤剛,1253
伊藤悠,1254
井芹まい,1255
井出裕介,1256
井上 達彦,1257
井上文則,1258
井川信子,1259
磯野真穂,1260
宇根優子,1261
鵜飼真成,1262
永瀬伸子,1263
益田祐一,1264
越川房子,1265
遠藤昌久,1266
奥間政作,1267
奥野浩行,1268
王海龍,1269
岡浩一朗,1270
岡田俊之輔,1271
岡島義,1272
岡本公一,1273
岡本淳,1274
岡野エレナ,1275
沖清豪,1276
荻野静男,1277
下田啓,1278
下嶋敦,1279
加島卓,1280
加藤順子,1281
加藤之晴,1282
河合幹雄,1283
河村茂雄,1284
河内山有佐,1285
河野真理子,1286
花田信子,1287
皆吉淳平,1288
皆本智美,1289
笠井裕之,1290
間晃郎,1291
関根久雄,1292
丸山由紀子,1293
丸野健一,1294
岩崎清隆,1295
岩田浩康,1296
岩尾昌央,1297
喜古正士,1298
喜友名菜織,1299
亀崎允啓,1300
菊地栄治,1301
菊池英明,1302
菊池馨実,1303
吉村浩明,1304
吉村哲夫,1305
吉田健二,1306
吉田聡,1307
吉田知史,1308
久米郁男,1309
久保慶一,1310
久保さやか,1311
久保岳夫,1312
久保田翠,1313
久保田徹,1314
久保田美子,1315
久末亮一,1316
久野正和,1317
及川浩希,1318
宮崎修二,1319
宮崎淳,1320
宮崎正己,1321
宮崎里司,1322
宮内ふじ乃,1323
弓削田綾乃,1324
橋爪英輔,1325
橋本敬,1326
橋本有生,1327
玉城絵美,1328
玉置健一郎,1329
金文錫,1330
金井景子,1331
金敬黙,1332
金子 昭彦,1333
金子勝一,1334
金田耕一,1335
金澤直也,1336
駒野雄一,1337
熊谷征一郎,1338
熊谷善彰,1339
桑子 利男,1340
君塚弘恭,1341
兼築信行,1342
原田俊彦,1343
原田真澄,1344
原田美穂,1345
源貴志,1346
古山宣洋,1347
古市将樹,1348
古川恵美,1349
五十嵐大介,1350
後藤 芳一,1351
後藤巻則,1352
後藤佑一,1353
光野昭雄,1354
厚見恵一郎,1355
工藤 元,1356
広川治,1357
溝川貴司,1358
荒尾与史彦,1359
高橋仁,1360
高橋裕之,1361
高橋陽一郎,1362
高口洋人,1363
高山亮太,1364
今村哲也,1365
佐々木みゆき,1366
佐々木菜緒,1367
佐々木俊介,1368
佐渡島紗織,1369
佐藤公紀,1370
佐藤将之,1371
佐藤政充,1372
佐藤千津,1373
佐藤知世,1374
佐藤哲也,1375
佐藤陽介,1376
佐野雅隆,1377
細井厚志,1378
細金恒男,1379
細川誠二郎,1380
坂上桂子,1381
坂倉裕治,1382
坂田成輝,1383
坂田裕,1384
坂東洋行,1385
坂本麻裕子,1386
坂野慎哉,1387
阪口正二郎,1388
笹沼塩美,1389
笹野悦子,1390
三井久明,1391
三浦清美,1392
三森のぞみ,1393
三宅京子,1394
三田奈穂,1395
山口桂子,1396
山口潤一郎,1397
山口真人,1398
山口正,1399
山口誠一,1400
山口斉昭,1401
山崎淳司,1402
山崎昌夫,1403
山田徹也,1404
山内やよい,1405
山内功一郎,1406
山本研,1407
山本知之,1408
山野拓也,1409
四宮瑞枝,1410
子安ゆかり,1411
志賀雪湖,1412
児島恭子,1413
寺崎嘉博,1414
寺嶋雅彦,1415
鹿又宣弘,1416
篠潤之助,1417
柴田高範,1418
若田忠之,1419
若林ゆりん,1420
朱全安,1421
酒井智宏,1422
首藤佐智子,1423
宗政由桐,1424
秋元健太郎,1425
秋山圭,1426
出野晴信,1427
緒方思源,1428
勝田映子,1429
小岩正樹,1430
小宮山貴教,1431
小原隆治,1432
小山田豊,1433
小柴健史,1434
小出隆規,1435
小西隆之,1436
小島瑞紀,1437
小堀深,1438
小俣智史,1439
小野田弘士,1440
小柳津研一,1441
小林亜紀子,1442
小林克正,1443
小棹理子,1444
松井泰二,1445
松永 典子,1446
松原光代,1447
松原芳博,1448
松山鮎子,1449
松川雄哉,1450
松本匡貴,1451
松野敬成,1452
上鹿渡和宏,1453
上杉勇司,1454
上村碧,1455
上田貴子,1456
上田晃三,1457
上野貴広,1458
上野達弘,1459
上野雄己,1460
上野和昭,1461
上條良夫,1462
常田聡,1463
新井和広,1464
新谷ロクサナ,1465
森 康晃,1466
森枝卓士,1467
森田彰,1468
森本英香,1469
神岡理恵子,1470
神臟正,1471
神藏正,1472
仁藤敦史,1473
甚目裕夫,1474
須永直人,1475
須賀健雄,1476
水間大輔,1477
水野隆之,1478
水澤篤彦,1479
杉守慶太,1480
菅原義之,1481
菅香子,1482
菅谷麻衣,1483
菅野重樹,1484
菅野素子,1485
菅野由弘,1486
瀬戸直彦,1487
成瀬厚,1488
成田弘成,1489
星野 真,1490
生谷大地,1491
西山純子,1492
西沢史仁,1493
青木琢哉,1494
斉藤有希子,1495
石井香織,1496
石井寿美世,1497
石井昌幸,1498
石井裕之,1499
石井力重,1500
石原浩二,1501
石原千秋,1502
石倉義博,1503
石田知恵,1504
石島このみ,1505
赤尾健一,1506
折井麻美子,1507
千野貴裕,1508
川崎哲,1509
川田宏之,1510
川田雄二,1511
川鍋健,1512
川辺文久,1513
扇原淳,1514
浅古泰史,1515
浅利庸子,1516
前田廉孝,1517
相馬輝彦,1518
草柳千早,1519
孫キ,1520
村元 康,1521
村松聡,1522
村田敦郎,1523
村尾智,1524
太田愛之,1525
太田英介,1526
大久保裕史,1527
大久保將史,1528
大橋恵,1529
大橋憲広,1530
大橋里美,1531
大江親臣,1532
大高一博,1533
大山隆,1534
大森一宏,1535
大前元伸,1536
大倉韻,1537
大谷拓也,1538
大坪真利子,1539
大田貴昭,1540
大木一浩,1541
大澤慎太郎,1542
棚村政行,1543
谷井孝至,1544
谷口卓也,1545
谷佐保子,1546
谷水義隆,1547
谷川寧彦,1548
谷澤薫平,1549
段書暁,1550
池俊介,1551
池田史彦,1552
池田祥英,1553
池田全之,1554
竹山春子,1555
中垣隆雄,1556
中原暁彦,1557
中原悠太,1558
中村好男,1559
中村民雄,1560
中村優花,1561
中谷礼仁,1562
中田雅久,1563
中島真志,1564
中島那奈子,1565
中尾洋一,1566
中堀正洋,1567
中野淳太,1568
中野佑一,1569
中澤はるみ,1570
中澤忠之,1571
中澤直仁,1572
仲道慎治,1573
仲内英三,1574
朝比奈佳尉,1575
長崎潤一,1576
長谷川悦朗,1577
長谷川剛,1578
長谷川秀子,1579
長濱澄,1580
辻リン,1581
辻佐保子,1582
田桐正彦,1583
田口素子,1584
田村 達久,1585
田村真理子,1586
田中博之,1587
田辺俊介,1588
田和辻可昌,1589
田邊誠,1590
田邉新一,1591
渡辺雅哉,1592
渡邊展也,1593
渡邊未帆,1594
渡邉大志,1595
渡邉展也,1596
渡邉文枝,1597
都甲幸治,1598
唐亮,1599
島津直実,1600
島津直美,1601
嶋田洋徳,1602
藤井浩司,1603
藤井省三,1604
藤井由理,1605
藤巻梓,1606
藤田由季美,1607
藤本浩志,1608
藤野京子,1609
道上峰史,1610
奈良雅之,1611
那須まどり,1612
内記昭彦,1613
内山宗昭,1614
内田悦生,1615
内藤健,1616
内藤正子,1617
内藤由香,1618
南平かおり,1619
南勇,1620
忍足謙朗,1621
波多野眞矢,1622
馬塲久紀,1623
梅宮悠,1624
梅津信二郎,1625
梅田雅子・李棋,1626
梅本洋,1627
伯耆原智世,1628
白井澄世,1629
白鳥浩,1630
比護拓馬,1631
尾上玲円奈,1632
菱刈晃夫,1633
百瀬桂子,1634
品田直樹,1635
浜辺陽一郎,1636
浜本篤史,1637
武岡真司,1638
武藤慶,1639
服部カトリーヌ,1640
福島勲,1641
平宏明,1642
平沢泉,1643
平田竹男,1644
平尾始,1645
米谷均,1646
米田有里,1647
片岡淳,1648
片岡淳之介,1649
片岡大右,1650
片山幹生,1651
片山宗親,1652
保崎則雄,1653
北川匡伸,1654
堀井一摩,1655
堀井俊佑,1656
堀越宏一,1657
堀正士,1658
堀内正規他,1659
本間大,1660
箕曲在弘,1661
木原 圭翔,1662
木村 晶子,1663
籾内裕子,1664
野口和範,1665
野上和裕,1666
野村亮,1667
野田優,1668
野邊厚,1669
矢口徹也,1670
矢野磯乃,1671
柳勝巳,1672
柳尾朋洋,1673
友田路,1674
由井一成,1675
由良敬,1676
楊駿驍,1677
利根川佳子,1678
李綱,1679
李鎔哲,1680
劉暢,1681
嶺崎寛子,1682
鈴木 久美,1683
鈴木 広子,1684
鈴木吉弘,1685
鈴木広子,1686
鈴木昇司,1687
鈴木朋子,1688
鈴木朋夫,1689
鈴木由希,1690
鈴木理恵子,1691
鈴木隆史,1692
鈴木亮太,1693
和平,1694
和仁かや,1695
和田宏明,1696
鷲尾方一,1697
國光 健一,1698
澤崎文,1699
澤田享,1700
齋藤潔,1701
齋藤純一,1702
齋藤正憲,1703
竇暁玲,1704
鮑思雅,1705
齊藤有希子,1706
ドーラン・スティーヴン,1713
NathanCamilloSidoli,1714
ベーコンポール・マルティン,1715
鈴木久美,1716
木原圭翔,1717
