後藤孝也,1140
野中利子,1138
平山邦明,1137
伊東和雄,1136
松澤淳子,1135
澤田亨,1134
坂上康博,1133
藤井和彦,1132
熊野宏昭,1131
秋山茂盛,1130
大月友,1129
植村尚史,1128
窪田暁,1127
藤江創,1126
鹿倉二郎,1125
澤崎康,1124
池内泰明,1123
松田俊介,1122
深井祐紘,1121
太田章,1120
加藤智子,1119
高橋敏,1118
川島浩平,1117
谷真如,1116
里見龍樹,1115
井上典之,1114
佐野毅彦,1113
藤田康範,1112
小西啓史,1111
山根伸洋,1110
木村和彦,1109
樋口直人,1108
浅川達人,1107
細川由梨,1106
麓正博,1105
城綾実,1104
巖淵守,1103
中澤篤史,1102
西村昭治,1101
野村亮太,1100
三嶋博之,1099
加藤麻樹,1098
原知章,1097
嶋田正和,1096
小島隆矢,1095
掛山正心,1094
佐野友紀,1093
尾澤重知,1092
高澤涼子,1091
小林正樹,1090
李泰俊,1089
池岡義孝,1088
上尾信也,1087
植村清加,1086
大黒岳彦,1085
加藤公一,1084
吉冨友恭,1083
オストヴァルト・イェンス,1082
村上公子,1081
中川剣人,1080
工藤龍太,1079
遠藤俊郎,1078
小林美由紀,1077
松岡宏高,1076
武藤泰明,1075
町田光,1074
原田宗彦,1073
岡田純一,1072
作野誠一,1071
トンプソン・リー・Ａ,1070
赤間高雄,1069
杉澤武俊,1068
佐野雅規,1067
近藤嘉高,1066
布山美慕,1065
蓜島旭,1064
櫻井道子,1063
山浦アンヘラ,1062
松本泰介,1061
川崎弥生,1059
熱田敬子,1058
本山謙二,1057
小泉龍人,1056
岸本健,1055
武田尚子,1054
松居辰則,1053
若林芳樹,1052
山田和芳,1051
永島計,1050
三澤健太郎,1048
松本淳,1046
柏雅之,1045
古山周太郎,1044
太田俊二,1043
内田宏美,1042
風間健太郎,1041
帆苅基生,1040
後藤麻衣子,1039
外山紀子,1038
関根和生,1037
谷川章雄,1036
竹中宏子,1035
中垣恒太郎,1034
長澤夏子,1033
小野充一,1032
桂川泰典,1031
松葉剛,1029
余語琢磨,1030
加瀬裕子,1028
久保隆徹,1027
菊池浩平,1026
矢口哲也,1025
有賀隆,1024
福島延久,1023
薄葉季路,1022
白春岩,1021
内藤順子,1020
西田光良,1019
内田理,1018
渡邉秀俊,1017
内村悦生,1016
香村一夫,1015
向後千春,1014
渡部良子,1013
中西啓喜,1012
田中康寛,1011
森本豊富,1010
井上真,1009
浅田匡,1008
蓮池隆,1007
椎名孝之,1006
陳愛玲,1005
大野高裕,1004
大下範幸,1003
ケネス・ウェイン・ビーゲル,1002
朝日祥之,1001
満尾貞行,1000
早部安弘,999
杉本清香,998
早水桃子,997
グレイ・ロバート・レイモント,996
角間ふみ,995
前田寿郎,992
赤木寛一,991
石村康生,990
斉藤公一,989
森本章倫,988
新井大祐,987
上田匠,986
小林弘知,985
小野潔,984
小峯秀雄,983
小松原明哲,982
秋山充良,979
山口素夫,978
笹川幸則,977
榊原豊,976
坂巻義章,975
佐藤靖彦,974
佐々木葉,973
佐々木邦明,972
近藤高弘,971
今井博,970
高橋真吾,969
厚香苗,968
後藤正幸,967
古谷誠章,966
古川行夫,965
森康晃,964
小平尚典,963
桜井厚二,962
栗原正典,961
吉永真理,960
鬼頭朋見,959
岩波基,958
柴山知也,957
関根正人,956
益田裕一,955
永田靖,954
ユハース・ミクローシュ,953
渡邉孝信,952
史又華,951
戸川望,950
川西哲也,949
橋本喜一朗,948
宇高勝之,947
山崎昌男,946
柴田良弘,945
郡司幸夫,944
楫元,943
高橋久美,942
舟木直久,941
坂口哲啓,940
嶺幸太郎,939
河原大輔,938
大貫 浩二,937
小松聡,935
山中由也,936
柳澤政生,934
菅原俊治,933
山名早人,932
小川哲司,931
松嶋敏泰,930
森達哉,929
米田元,928
岩崎健久,927
篠崎武久,926
小松原聡,925
水谷雅志,924
古賀潤一郎,923
ゲスト・マーティン,922
谷口正信,921
清水泰隆,920
大石進一,918
小山晃,917
土田環,916
村上順,915
矢田部浩平,914
高西淳夫,913
吉田誠,912
寺内多智弘,911
柏木雅英,910
欅惇志,909
上田和紀,908
佐川健太郎,907
床鍋剛彦,906
久藤衡介,905
西口拓子,904
酒井哲也,903
鷲崎弘宜,902
深澤良彰,901
木村啓二,900
笠原博徳,899
匂坂芳典,898
中里秀則,897
内田真人,896
中島達夫,895
片田房,894
木戸冬子,893
喜連川優,892
甲藤二郎,891
金井謙治,890
堀八重子,889
マッキネス・ピーター・ロバート,888
マーティン・ジェローム・ポル,887
坂井滋和,886
スズキ・スティーブン・タロー,885
エセックス・ジェームス,884
バートン,883
バーティウム,882
スロボッドニウ・アダム・ジョン,881
ジェニングズ・スティーブン,880
蒲谷宏,879
岩井雪乃,877
碓田拓磨,876
李洸昊,875
友成真一,874
細谷剛,873
中村優一,872
中山祐貴,871
稲垣太郎,870
久野禎子,869
杉本亮子,866
高橋佳子,865
尾上玲央奈,864
前園 久智,863
加藤基樹,862
村田信之,861
大友有,860
岡田昭夫,859
ビオンディ・マルコ,858
包國友幸,857
城内史子,856
森田貴子,855
後藤貴徳,854
本木弘悌,853
島岡未来子,852
金丸良子,851
横田貴之,850
三ツ井崇,849
木名瀬紀子,848
峰尾公也,847
森由利亜,846
尹永洙,845
文珍瑛,844
楢山満照,842
太田淳,841
山崎亜希子,840
高松正毅,839
二文字屋脩,838
市村太郎,837
小林学,836
榮谷温子,835
アラーエルディーン,834
スライマーン,833
似鳥雄一,832
田中史生,831
水藤新子,830
瀧澤 武信,829
堀尾 正明,828
和田琢磨,827
二文字屋修,826
杉森絵里子,825
小山淑子,824
中島宏治,823
近藤悠介,822
鳥羽耕史,821
森山卓郎,820
ヒール・ルイーズ,819
中尾照代,818
岸加那子,817
ディアリオ・ギャレット,816
立花史,815
小塩真司,814
濱口幸一,813
チェン・ドミニク,812
廣瀬直記,811
藤本一勇,810
高屋亜希,809
長島有里枝,808
坂内太,807
松村悠子,806
根岸康夫,805
鈴木修三,804
鈴木喜晴,803
齋藤敬之,802
中野佳裕,801
ヨセフ・マイケル・カリーム,800
甚野尚志,798
宮崎薫,797
大石雅彦,796
田畑幸嗣,795
高橋透,794
兼利琢也,793
高橋利枝,792
上野理恵,791
苅宿紀子,790
肥田路美,789
陣野英則,788
松前もゆる,787
斎藤公一,786
伊藤比吕美,785
花山周子,784
鈴木雅雄,783
中島万紀子,782
貝澤哉,781
福山智,780
佐々木匠,779
小野正嗣,778
橋本一径,777
桜井圭介,776
藁谷哲也,775
冨永正人,774
羅奇祥,773
倉持貴文,772
内山精也,770
李棋,771
高野浩,769
福家俊幸,768
村上公一,767
矢ヶ崎太洋,766
濱田寛,765
山内昌和,764
堀誠,763
守屋和佳,762
佐藤浩一,761
田渕句美子,760
澤口隆,758
大津雄一,759
野中哲照,757
大森聡一,756
家永香織,755
阪脇孝子,754
太田亨,753
藤井千春,752
関根明伸,751
川口晴美,750
田沼光明,749
熊谷恵子,748
梅永雄二,747
黒田祥子,746
湯川次義,745
大橋幸泰,743
片岡豊,744
高木徳郎,742
中村國則,741
藤澤まどか,740
喜夛孝臣,739
村田宏,737
西田文信,736
町原秀二,735
加藤尚志,734
吉村郊子,733
小笠原能仁,732
伊藤瑞康,731
宮田裕光,730
駒田陽子,729
野村正次郎,728
三代舞,727
澤直哉,726
嶋崎尚子,725
戸邉秀明,723
大野太幹,724
日尾野裕一,722
柳澤明,721
森元孝,720
工藤雅人,719
岡本智周,718
津田好美,717
土屋淳二,716
小森宏美,714
山田真茂留,715
久米依子,712
直原典子,713
髙橋あつ子,711
岡田佳子,710
細馬宏通,709
内田塔子,708
小野寺正己,707
加藤卓,706
金山光一,705
園池公毅,704
清水由紀,703
松田憲忠,702
箸本健二,701
山西優二,700
椎名乾平,699
松本直樹,698
財前謙,697
佐藤寛之,696
茅野政徳,695
大泉義一,694
若林幹夫,693
山崎晴雄,692
松浦秀治,691
加藤貴,690
町田守弘,689
印南洋,688
千田洋幸,687
宇佐美尋子,686
石濱裕美子,685
高頭麻子,684
梶田裕,683
土屋彰久,681
林加奈子,682
辻健太,680
堀芳枝,679
池谷知明,678
渡辺和則,677
寺尾範野,676
井上優,675
和田敦彦,674
松本隆志,672
河野龍也,671
ドゥテ・シルヴァン・マッチュウ・ジュリアン,670
大稔哲也,669
ドボルザーク・グレッグ,668
井上和人,667
内藤明,666
堀田千里,665
野村亞住,664
大久保孝治,663
星原大輔,662
ステレンバーグ・マシュー・ケイン,661
内田兆史,660
荒井洋一,659
羽入田眞一,658
武田潔,657
間藤茂子,656
寛康好美,655
藤井仁子,654
佐藤晴雄,652
檜垣樹理,653
大傍正規,651
マニング・ジュリアン,650
森川友義,649
長谷正人,648
黄斌,647
小林宏己,646
タンシンマンコン・パッタジット,645
長坂真澄,644
ポカリア・クリストファー,643
山路進,642
ベーコン・ポール・マルティン,641
川尻秋生,640
藤倉健雄,639
十重田和由,638
矢澤翔,637
三尾忠男,636
山内淳,635
片岡貞治,634
陳焔,633
原克彦,632
張望,630
平埜雅久,628
三神弘子,629
チャン・エドワード・ケイ,627
應武・マーガレット・パイン,626
王紅艶,625
レウレリン・スティーブン,624
マックニール・デイビッド,623
花井みわ,622
生井健一,621
江秀華,620
北山雅昭,618
近藤眞理子,617
Rachel Foster,616
バク・サンジュン,615
二宮穣,614
竹林和彦,612
東玲奈,611
草野慶子,610
宮田　庸一,608
桜井啓子,609
加藤 陽一郎,607
井口博文,606
永井鉄郎,605
塩満栄司,603
田中丹史,604
高畠純夫,602
森山秀,601
河原 温,600
山崎 亜希子,599
リー・マージ・クリスティン,598
ベルナール ローズマリー,597
ティモシー・フェイガン,596
石川竜一郎,595
シャオ・リチュン,594
ハーツハイム・ブライアン・ヒカリ,593
桜井洋,592
ホリー・デイヴィッド,591
秋葉丈志,590
平山廉,588
山口 善昭,587
高瀬 弘樹,586
前川 真奈美,585
河崎健,583
高津 秀之,584
橋本剛明,582
飛田正之,581
上坂保仁,580
三田　雅敏,579
山本剛,578
姜華,577
奥村雅史,576
日高義浩,575
八重倉孝,574
横田一彦,573
仲道祐樹,572
阪口規純,571
鈴木由紀,570
嶋村和恵,569
佐藤章,568
岩切信一郎,567
川辺 文久,566
永井 裕人,565
宮城徳也,564
樽本英樹,563
岡部耕典,560
大石瑶子,562
五島一美,559
平野真理,558
金森強,557
行名一夫,556
ジェームズ・アンドリュー・スタンリー,555
ケイ・ハスキー,554
木村晶子,553
桑子利男,552
新井 巧磨,551
戸田博之,550
阿比留久美,549
松永典子,547
今村浩,548
阿川敏恵,546
上沼正明,545
堀口貫治,543
小森洋平,542
浜邦彦,541
芥川正洋,540
橋徹,538
小倉博行,539
鄭有希,537
小島宏,536
プラナス・ナバロ・イネス,535
小松弘,534
トレナド・パロマ,533
高橋恭子,532
藤井慎太郎,531
冬木ひろみ,530
菊地浩平,529
高野孝子,528
陣野俊史,527
細井尚子,526
石田光規,525
水谷八也,523
橋本幸枝,524
鈴木無二,522
王俊文,521
柴森,520
竹内京子,519
山岡華菜子,518
小沼純一,517
フェノ・マルタン,516
益田朋幸,515
馬場匡浩,513
森山至貴,514
近藤牧子,512
村井翔,511
竹原幸太,510
高橋順一,509
大澤真幸,507
岡室美奈子,508
長谷川琢哉,506
後藤雄介,505
明戸隆浩,504
佐川享平,503
大日方純夫,502
尾崎真理子,501
近藤宏,500
和田佐和子,499
高橋一嘉,498
チンロ,497
秋山英三,496
関浩志,494
和田修,493
J・Oセグ,495
福川康之,492
高橋尚子,491
金スンオグ,490
大森北文,489
丸井憲,488
桝田倫広,487
山本慎,486
原正雄,484
小川利康,485
鈴木無ニ,483
藁谷友紀,481
青木正子,482
中村みどり,480
田ノ口正悟,479
山本律,478
荒木圭子,477
三好力,476
マキュワン麻哉,475
長谷川 惠一,472
佐久間由梨,474
和氣一成,473
増子美穂,471
オオガ・ボールドウィン,470
原田哲男,469
小山由紀江,468
日野健太,467
井上達彦,466
梁取美夫,465
三橋平,464
藤田誠,463
坂野友昭,462
広田真一,460
大月博司,461
尾崎安央,459
馬場広信,458
弦間正彦,457
竹田恵子,456
小田島恒志,455
笠島洋一,454
師岡カリーマ・エルサムニー,453
石岡良治,452
高木小苗,451
山田章一,449
勝藤拓郎,450
李成市,448
宗田孝之,447
前田恵一,446
柿沼陽平,445
開沼泰隆,444
飯山知保,443
刈間文俊,442
清水美里,441
周藤真也,440
武田直也,439
マルティ・オロバル・ベルナット,438
門間聦之,437
関根泰,436
栩木伸明,435
松方正彦,433
本間敬之,434
曽布川拓也,431
朝日透,430
リーブス・クリストファー,429
内田日出海,428
牧本俊樹,427
佐山一,426
榊原春水,425
西川雅史,424
齊藤泰治,423
高山裕二,422
森井良,421
呉志剛,420
曽根博隆,419
小澤徹,418
浜野喬士,417
貝森時子,416
河野勝,415
紀旭峰,414
南雲勇多,413
多辺由香,412
山崎新,411
西郷浩,410
堀内美江,409
尾野嘉邦,408
斉藤寿雄,407
市川真人,405
伊藤直子,406
長谷川悦郎,404
赤松エンリコ,403
金鉉洙,402
石山敦士,401
国吉知樹,400
坂庭淳史,399
大木義路,398
久保田斉也,397
川口浩,396
井上貴文,395
篠潤之介,394
大内勇也,393
柴田重信,392
坂内博子,391
田原優,390
岡野俊行,388
遠藤正敬,389
谷藤悦史,387
下川哲,386
清水和巳,385
佐藤龍三郎,384
闐闐孝介,383
鎌田東ニ,382
合田亘人,381
笹田栄司,380
若尾真治,379
引田隆也,378
吉田敬,377
高橋百合子,376
松永美穂,375
小西秀樹,374
岡本健,373
早稲田みな子,371
佐道直身,372
國弘暁子,370
川崎賢子,369
栗崎周平,368
都丸潤子,367
天田城介,366
豊田真穂,364
小村優太,365
毛利裕昭,363
沢田賢,361
中村英俊,360
安原晃,359
下村周太郎,358
早田宰,357
多湖淳,356
小林真理,355
横山将義,353
棟居徳子,352
釜賀浩平,351
久保純子,350
長坂浩史,349
斎藤純一,348
永井保成,347
奥迫元,346
坂口勝彦,345
大木満,344
多辺由佳,343
久保克行,341
大野裕之,342
高松寿夫,340
膳場百合子,338
稲継裕昭,339
稲生信男,337
政岡潔子,336
箕輪茂,335
田中雅史,334
豊田唯,333
青木隆朗,332
若林大我,331
原山卓久,329
小林幸夫,330
堀内正規,328
伊藤比呂美,327
町田遼太,326
縣公一郎,325
鈴木俊晴,324
大鹿智基,323
室井禎之,322
イン・ソンヒ,321
イ・ファジョン,320
高一,319
アラストゥルエイ・メリノ・ハビエル・サンティアゴ,318
村田昇,316
近藤圭一郎,315
吉野孝,314
ウォン・エリック・ジェームズ,313
Ｐ・Ｒ・マッキネス,312
J・チャールズ,311
フェレーラ・ダニエル・イナシオ,310
E・ヘルメル,309
エルヴィン・クリストファー,307
遠藤晶久,306
スズキトモ,305
税所哲郎,304
谷口郁生,303
鷲津明由,302
伊藤嘉博,301
守山正,300
恩藏直人,299
N.K.ウィリアムズ,298
佐藤洋一,297
酒井志延,296
ブラウン・マーニー,295
ウォン・エリック,294
ケイトエルウッド,293
佐藤麻耶子,292
木村和美,290
志田陽子,291
齋藤正章,289
篠原靖明,288
奥西康宏,287
新井巧磨,286
中出哲,283
李洪茂,285
原田慎一,284
浜田久美子,282
王瑞来,280
里見繁美,278
辻内宣博,276
岡部遊志,277
富蓉,274
山本伍紀,273
笹原宏之,275
大橋里見,272
片岡孝夫,271
千葉敦,270
谷口みゆき,269
山下里香,268
高瀬浩一,267
守口剛,266
恩蔵直人,265
武井寿,264
福島隆,263
中村信男,262
和田宗久,261
新井剛,260
吉田和夫,259
遠藤雪枝,254
阿部敬子,258
堀内香織,256
長谷川惠一,253
濱松法子,252
有馬哲夫,251
アルマラス・ロモ・エンリケ,250
青木章通,249
小山田圭一,248
野口智雄,247
鈴木利彦,246
横野恵,244
田村泰一,245
千葉清史,243
戸田学,242
輪湖博,241
篠田徹,240
IEDA・Osamu,239
金亮完,238
金築優,237
古川誠之,236
劉傑,235
TAKUMA・Naoki,234
詫間直樹,233
落合基継,232
星野太,231
島崎裕子,230
卯月盛夫,229
本多美樹,228
関口浩,227
大森信徳,226
高林龍,225
鎌野邦樹,224
棚橋洋平,223
本間靖規,222
勅使川原和彦,221
岡山具隆,220
石巻実穂,217
野原将暉,219
尾形祥,218
張士陽,216
守中高明,215
ストックウェル･グレン,214
田山聡美,213
岩村健二郎,212
青木則幸,211
濱田英作,210
伊香祝子,208
新海正,207
渡辺徹也,209
大塚英明,206
入江正勝,205
鎌田東二,204
萬歳寛之,203
種村佑介,202
下山憲治,201
田村達久,200
島田陽一,199
愛敬浩二,196
中島徹,197
水島朝穂,195
高橋則夫,193
松澤伸,194
小川佳樹,192
山城一真,188
廣澤明,190
大場浩之,189
浅野正彦,187
白石大,186
大木正俊,185
國分典子,184
宮川成雄,183
金澤孝,182
甲斐克則,180
小林亜希子,179
谷昌親,181
森本美樹,178
原田康也,177
マニゴヴァンサン,176
オムニバス,175
マニゴ・ヴァンサン,174
Ｉ・オスノ,172
医王秀行,173
M・S・アロンソ,171
楜澤能生,170
安達剛,168
近藤康之,169
高木悟,167
阿部武司,166
高橋周,160
坂本達哉,155
小倉義明,153
遠矢浩規,151
久保田荘,149
福田耕治,147
大道寺隆也,146
小林和夫,145
深川由起子,144
井上淳,143
廣野喜幸,142
岡本暁子,141
クリスティー・スティーブ・ジョン,140
トクマ・ウォン,139
トラン・ジョン,138
土屋礼子,136
田中幹人,137
田中久稔,135
荻沼隆,134
笠松学,131
金子昭彦,129
笹倉和幸,128
瀬川至朗,110
山田健太,108
金平茂紀,109
中村理,97
船木由喜彦,94
大野聖良,95
萩沼隆,91
荒木一法,89
リー・ヨンジュ,86
梅森直之,85
増田正子,78
小西和久,77
ドナルド・クレイトン・バートレイ,76
赤間勇雄,74
植林慧,73
内野泰子,72
ベイ・シャロム,71
ダー・ジョナサン・リチャード,70