定森亮,1281
藪友良,1280
北原久嗣,1279
満倉靖恵,1278
三木則尚,1277
牧英之,1276
中西美和,1275
寺川光洋,1274
ダニエル・チッテリオ,1273
高橋正樹,1272
須藤亮,1271
大村亮,1270
ホルヘ・アルマザン・カバジェーロ,1269
青木淳一,1268
鎌田由美子,1267
迫桂,1266
平賀優子,1265
叶澤恵,1264
中垣恒太郎,1263
アダム・Ｊ・ライオンズ,1262
杉山由希子,1261
スティーブン・ボーム,1260
ポール・レイン,1259
高橋悠介,1258
犬丸治,1257
丹羽雄一,1256
細野喜代,1255
樋口一貴,1254
塩澤寛樹,1253
津垣正男,1252
大森貴秀,1251
福原正大,1250
権丈善一,1249
大東一郎,1248
武藤功,1247
川瀬由高,1246
竹ノ下弘久,1245
大坪真利子,1244
福山欣司,1243
古川亮平,1242
豊田健介,1241
池田緑,1240
宮本憲二,1239
堀田耕司,1238
地村弘二,1237
佐藤健吾,1236
榊原康文,1235
岡浩太郎,1234
牛場潤一,1233
荒井緑,1232
山辺春彦,1231
田中邦彦,1230
苙口友隆,1228
堀田篤,1229
柳瀬昇,1227
尾崎愛美,1226
舟橋倫子,1225
前田廉孝,1224
高橋智,1223
沈永三,1222
柴田康太郎,1221
白塚重典,1220
栗本賀世子,1219
法橋量,1218
井口達雄,1217
栗原将人,1216
服部広大,1215
早野健太,1214
丸山文綱,1213
滝田遼介,1212
梅澤佑介,1211
岡山裕,1210
伊藤隆太,1209
山中直明,1208
山地秀美,1207
白野陽子,1206
アントニノ・フラキ,1205
ジェイムス・Ｍ・レイサイド,1204
湯澤規子,1203
里嘉千茂,1202
後藤秀和,1201
丸田千花子,1200
小針進,1199
安田淳,1198
吉田真,1197
熊野谷葉子,1196
大和田俊之,1195
山本信人,1194
片山久留美,1193
石田知子,1192
戸澤幸作,1191
上枝美典,1190
小畠りか,1189
土居志織,1188
佐藤拓磨,1187
杉本俊介,1186
久野真隆,1185
金指みの利,1184
布川友紀子,1183
金山弘昌,1182
永嶋友,1181
大出敦,1180
許光俊,1179
櫻庭ゆみ子,1178
梅崎かほり,1177
真部清孝,1176
岡見さえ,1175
松原文,1174
日名淳裕,1173
西尾宇広,1172
川喜田敦子,1171
金谷重朗,1170
浜田和範,1169
瀧本佳容子,1168
飯野由里子,1167
柏崎千佳子,1166
ジョナサン・ディル,1165
井本由紀,1164
ポール・Ｒ・アンダーウッド,1163
エイドリアン・Ｍ・ヴァーラ,1162
林良信,1120
柏端達也,1119
井上京子,1117
ヤング・ジェローム,1116
栗原聡,1115
篠沢佳久,1114
山口徹,1113
岩間一弘,1112
山田ズーニー,1111
田中健一,1110
志田敬介,1109
山口高平,1108
安藤和弘,1106
中村祐子,1105
クロズ・山口・エリアンヌ,1062
宮崎琢也,1061
太田克弘,1060
長島光一,1059
森田寿郎,1058
小川邦康,1057
藤本ゆかり,1056
栄長泰明,1055
寺坂宏一,1054
カズ・ダイアナM,1053
木下ユリコ,1051
渡邊宏樹,1052
山本なつ紀,1050
永田智子,1049
磯部徹彦,1048
松本緑,1047
小杉弥生,1046
余志紅,1045
桂誠一郎,1044
大田省一,1043
薮本将典,1042
田村泰俊,1041
バロウス・リチャード・Ｊ,1040
マーシャル・カール・Ｒ,1039
ブレッフュエル・ロミュアルド,1038
大串敦,1036
大串 敦,1035
松橋崇史,1034
山野井一人,1033
檜垣徹太郎,1032
杉本高大,1031
大橋洋士,1030
土居信英,1029
佐藤智典,1028
片山靖,1027
千葉文野,1026
齊藤圭司,1025
三田彰,1024
長谷川太郎,1023
秋田恭子,1022
クリストフ・パジェス,1020
神成淳司,1019
部家直樹,1018
岩月基洋,1017
吉田英雄,1016
宮田幸典,1015
野口和行,1014
加藤大仁,1013
大木聖子,1012
奥山靜代,1011
浅海友峰,1010
吉田泰将,1009
厚母宗子,1008
木塚孝幸,1007
高橋伸子,1006
厳網林,1005
平山明由,1004
佐々木航,1003
稲見崇孝,1002
杉浦学,1001
村山光義,1000
永田直也,999
大堀壽夫,998
木下京子,997
宮崎匠,996
岡村智教,995
小林博人,994
渡邊頼純,993
林邦彦,992
俵木悟,991
中島圭一,990
志賀俊介,989
川久保惇,988
北中淳子,987
稲葉昭英,986
木下衆,985
神崎忠明,984
森山緑,983
新倉慎右,982
久保仁志,981
石本華江,980
伊藤早苗,979
佐藤孝雄,977
澤田順明,978
大串尚代,976
飛ヶ谷潤一郎,975
樋笠勝士,974
十川陽一,973
伴瀬明美,972
屋名池誠,971
内藤正人,970
李瓊,969
後藤文子,968
遠山公一,967
清水明子,966
野々瀬浩司,965
菅さやか,963
西川和,962
江藤正己,961
藤巻峻,960
岡本昌樹,959
坂本光,958
モヤノ・フアン・カルロス,957
青木健,956
神田さやこ,955
飯田恭,954
野澤丈二,953
崔在東,952
長谷耕二,951
近藤慎吾,950
加藤優,949
永沼達郎,948
杉本芳一,947
多胡めぐみ,946
青柳良平,945
木村真規,944
有田誠,943
須貝威,942
小林徹,941
金美林,940
藤本和久,939
川端美樹,938
柳谷あゆみ,937
工藤多香子,936
小渕究,935
谷口和弘,934
ボダン・エマニュエル,933
下田健太郎,932
高瀬央,931
石田美智代,930
有光道生,929
渡部葉子,928
原信太郎,927
木村建哉,926
藤田博史,925
堀啓子,924
三尾裕子,923
近森高明,922
稲田奈緒美,921
林史樹,920
河端瑞貴,919
鳥山理恵,918
田中人,916
種村和史,917
鹿志村香,915
清松大,914
辻泉,913
糟谷大河,912
薮中 悠,911
吉武憲司,910
木戸一夫,909
田村高幸,908
ガデミアミン,907
レイサイド・ジェイムス・Ｍ,906
寺西勇生,905
河野礼子,904
宗岡宏之,903
五月女仁子,900
早稲田みな,902
中山一大,899
武山政直,898
太田昭子,897
野村佑子,896
香田啓貴,895
久野禎子,894
河備浩司,893
堀田一吉,892
藤沢潤,891
横山千晶,890
大隼エヴァ,889
合山林太郎,888
桐本東太,887
人文科学特論Ⅰ,886
ヘスス・カルロス,885
アルバレス・クレスポ,884
政田利奈,883
奥田暁代,882
藤本愛,879
鎌倉澄,880
折井善果,878
松岡和美,877
望月要,876
勝又章夫,875
高橋弘,874
望月 要,873
俵章浩,872
高山緑,871
薮友良,869
志村正,870
マーティン・ ジェローム,868
大野由香子,867
孟若燕,865
高安 雄一,866
後藤 順一郎,864
枇々木 規雄,863
村松 眞由,862
志澤 一之,861
蛭田 勇樹,860
ダニエル,859
チッテリオ,858
高橋幸吉,857
上村佳孝,855
森吉直子,854
牛島利明,853
下条圭美,852
大山徹,851
松浦聖子,850
中村航洋,849
和田菜穂子,848
安田公美,847
山口由紀子,846
神田裕子,845
河村好彦,844
中本敦浩,843
白旗優,842
杉山有紀子,841
神野潔,840
ドメネック・アロンソ,839
金子洋之,838
福澤利彦,837
倉石立,836
有川智己,835
西村康宏,834
江藤幹夫,833
小林 拓也,832
田中あや,831
高橋大介,830
矢向高弘,829
藤田祥子,828
佐藤真人,827
金子善彦,826
パワー・トーマス,825
源河亨,824
バティー・ロジャーM,823
奥田知明,822
バディー,821
河内谷幸子,820
田村未希,819
金尾悠香,818
加藤千恵,817
水野里香,816
鈴木清重,815
青木健一郎,814
難波ちづる,813
高田英亮,812
高田 英亮,811
太田淳,810
小野晃典,809
井垣竹晴,808
伊藤公平,806
綾部麻美,805
増田早哉子,804
佐藤元状,803
丸山芳人,802
望月敏弘,801
小松英海,800
木島伸彦,799
竹内美佳子,798
恋田知子,797
小菅隼人,796
福田桃子,795
朝比奈緑,794
長田進,793
梅村綾美,792
玄田英典,791
千秋博紀,790
津田眞弓,789
松本直記,788
池島宏子,787
中村修子,786
杵島正洋,785
畑中美穂,784
泰岡顕治,783
江藤幹雄,782
田中孝明,781
神原陽一,780
石黒仁揮,779
橋本貴子,778
福田文彬,777
福田　文彬,776
朝妻恵里子,775
坂川博宣,774
垣村尚徳,773
亀谷幸生,772
勝良健史,771
舟橋啓,770
小茂鳥潤,769
松谷宏紀,768
稲田周平,767
鈴木秀男,765
井関裕靖,766
近藤寛,764
三船毅,763
中野勝郎,762
斎藤博昭,761
鼠屋将志,760
恩田憲一,759
杉木明子,758
中島 隆信,757
辻佐保子,756
志田雅宏,755
濱雄亮,754
藤本啓二,753
眞榮城和美,752
烏谷昌幸,751
宮本万里,750
伊香賀俊治,745
岸本達也,746
ラドヴィッチ・ダルコ,747
アルマザン・カバジェーロ・ホルヘ,748
小川愛実,749
高山正宏,744
杉山佳子,743
藤川千歳,742
長谷川 太郎,741
濱岡豊,739
平石界,740
鄭ユンチョル,738
岩下綾,736
松谷秀祐,737
相原健志,735
太田博樹,734
鈴木透,733
常山菜穂子,732
柴田恭子,730
友岡賛,731
本谷裕子,729
本谷 裕子,728
梅田 聡,727
松本陽一,726
礒崎敦仁,725
山本淳一,724
ハインズ・マーティン・Ｋ,723
早見均,722
福山勝也,721
皆川泰代,720
梅田聡,719
伊澤栄一,718
坪川達也,717
寺澤悠理,716
北村智,715
剣持久木,714
粂田文,713
高桑和巳,712
諸橋英一,711
小田義幸,710
ギブソン・ロバート,709
齋藤邦明,708
松尾弘,707
北居功,706
大西仁,705
見上公一,704
岡田英史,703
田高寛貴,702
渡辺美智子,701
吉村公雄,700
山田秀,699
三原聡子,698
細田衛士,697
小谷真理,696
柳瀬典由,695
川下将一,694
田邉勝巳,693
風神佐知子,692
片山直也,691
片山 直也,690
鹿野菜穂子,689
平野裕之,688
金 美紗,687
中島隆信,686
大津敬介,685
山本直樹,684
薮中悠,683
池原雅章,682
薮本 将典,681
佐藤和,680
大屋雄裕,679
藤田眞幸,678
神戸和雄,677
三浦洋平,676
弓削隆一,675
佐々木昭則,674
秋吉亮太,673
森田麻記子,672
伏見岳志,671
岩波敦子,670
安藤広道,669
魏郁欣,668
東海林亜矢子,666
大島朋剛,667
松浦壮,665
佐々木健策,664
石川博樹,663
下村裕,662
藤井誠,661
鈴木亮子,660
猪谷太輔,659
新井和広,657
不破有理,658
倉科真季,656
三原龍太郎,655
君嶋祐子,654
大濱しのぶ,653
岩谷十郎,652
片山杜秀,651
杉本憲彦,650
田中裕司,649
石岡克俊,648
小林宏充,647
渡辺丈彦,646
倉光紀子,645
ロジャー Ｍ,644
バティー,643
武川幸嗣,642
小林 宏充,641
岩下哲典,640
パワー,639
トーマス,638
太田達也,637
貫井万里,636
中込さやか,635
鷲直仁,634
杉原賢彦,633
岡田尚文,632
光田達矢,631
西理広,630
津曲正俊,629
田谷修一郎,628
岡本正,626
石橋孝次,627
白原由起子,625
中村慎助,622
白原 由起子,624
玉田康成,623
菊澤研宗,620
國本学史,621
穂刈享,619
増山幹高,618
藤原グレーヴァ香子,617
榊原研互,616
諸星妙,615
山田恒久,614
岩川隆嗣,613
石田真子,612
山本剛史,611
荒木文果,610
早川眞一郎,609
柘植尚則,608
石田裕子,607
山下裕歩,606
大西広,605
尹仁河,604
大森正仁,602
西澤芳弘,603
吉田量彦,601
鞠重鎬,600
小塚荘一郎,599
菅原貴与志,598
石上玄也,597
村上暁子,596
西山晃生,595
日野原健司,594
柿沼康弘,593
柳明昌,592
小山剛,591
澤井康毅,590
前田美千代,589
横大道聡,588
今井宏明,587
川崎芙有,586
長門裕介,584
園田智昭,585
小西公大,583
青木義満,580
大平哲,582
久保亮吾,581
駒村圭吾,579
小川原正道,578
直井道生,577
岡本大輔,576
岩田由美子,575
斎藤裕紀恵,573
山本龍彦,574
伊藤幹夫,572
中津川みゆき,571
田村次朗,570
前多康男,569
玉井清,568
亀井源太郎,567
佐々木雄一,566
古池達彦,565
白井義昌,563
廣瀬康生,564
小池信太郎,561
和田俊憲,562
クリストフ,560
パジェス,559
小川健,557
杜新,558
ボーム・スティーブン,556
小林拓也,555
ウェセルホフ・ローリー・L,554
横山由広,553
レイン・ポール,552
杉田貴洋,551
コイデ・テレサ,550
ロリエ,548
ジョエル,549
ギャリー,540
中村文彦,541
ボーク,539
二宮真理子,538
山本勲,537
マーティンK,536
マーティン・K,535
ハインズ,534
宮川尚理,533
渡名喜庸哲,532
網谷泰治,531
ヴィラ・ヴィニャス・ラケル,530
コリン,528
ヴィラ,529
スキーツ,527
鈴木正明,526
宮崎直哉,525
中川千帆,523
江上正,524
赤林由雄,522
松尾幸忠,521
磯部靖,520
片山翔太,519
八木橋宏勇,518
島田美和,517
李軍,516
古川 俊治,514
古川俊治,515
河井啓希,513
笠井賢紀,512
コリンヌ,511
ヴァリエンヌ,510
関幸太郎,509
粕谷祐子,508
家山也寿生,507
秋山裕,506
松浦淳介,505
リタ・B,504
ヤマシロ,503
家山 也寿生,501
関 幸太郎,502
ヤマシロ， リタ Ｂ,500
中島美砂子,499
丸山絵美子,498
石川志麻,496
村山志保,497
福井里佳,491
小林良子,492
松嵜愛,493
山本亜矢,494
秋元直子,495
中根雅文,489
本間聡起,490
宮川祥子,488
坪田幸政,487
勝川史憲,480
山内慶太,481
佐野毅彦,482
中野真規子,483
桑原和代,484
池田智子,485
岩澤聡子,486
田口敦子,475
吹田晋,476
石井敏弘,477
森田夏実,478
渡部月子,479
宮脇美保子,474
新井恵吏,472
向井邦晃,473
辻恵子,461
アーロン・バティ,471
土江田奈留美,462
福田紀子,463
新幡智子,464
冨崎悦子,465
朴順禮,466
池下貴子,467
宗皓,468
平尾美佳,469
原田通予,470
戈木クレイグヒル滋子,458
深堀浩樹,459
小池智子,455
添田英津子,460
藤屋リカ,456
神馬征峰,457
杉山大典,454
増田真也,453
ホフスティー・スティーブン,452
ヘニグマン・デイビット,451
フラキ・アントニノ,450
高在弼,446
ハイ・キャメロン,449
徐旻廷,447
柳川陽介 ,448
井庭崇,445
小平麻衣子,444
池辺正典,443
小原京子,442
守谷元一,441
辻幸夫,440
小島清信,439
河野武司,438
築山宏樹,437
田中里奈,436
脇田玲,434
深澤晴奈,433
石橋満,432
カルロス・ガルシア,431
萩原能久,430
マルティネス・アストゥディリョ,429
田上雅徳,428
松田健児,427
安井伸,426
服部隆志,420
アフマド・フスニ・タムリン,421
中澤仁,422
植原啓介,423
中西泰人,424
中村修 ,425
中山浩一,419
細谷雄一,418
堤林剣,417
高橋伸夫,416
大久保健晴,415
井奥洪二,413
出岡直也,414
井上智,412
安宅和人,411
吉田友子,410
ヘセルトン・リチャードW,409
東海林裕子,408
小川葉子,407
小山佳枝,406
牛山潤一,405
竹川俊也,404
宮岡勲,403
木倉敬之,402
安倍由紀子,401
西野純也,400
荒川潔,399
矢口和宏,398
大川恵子,397
ヴ・レ・タオ・チ,396
久保田貴文,395
加藤文俊,393
細野雅歳,390
中山厚穂,392
片岡正昭,391
田島英一,389
高田京子,388
木幡敬史,386
鈴木弘貴,387
村松憲,385
松川昌平,384
磯部哲,383
塩田琴美,378
森将輝,379
加藤貴昭,380
東海林祐子,381
水鳥寿思,382
小笠原和美,376
土屋大洋,377
星田淳也,375
オムニバス,374
李津娥,373
冨田勝,372
下村恭広,371
材木谷敦,370
森川剛光,369
玉村雅敏,368
澤田唯人,367
神崎忠昭,360
表野和江,366
國枝孝弘,359
溝部良恵,358
渡辺利夫,365
大山耕輔,364
小嶋華津子,357
李光鎬,363
吉岡忠昭,356
羽田功,361
石川巧,355
松川育代,354
川原繁人,353
岩渕貞哉,352
井上逸平,349
澤井敦,350
江田いづみ,348
山本正身,344
新保史生,343
コミサロフ・アダム,341
川添美央子,340
田所昌幸,339
真壁宏幹,338
村越貴代美,337
山梨あや,336
塩原良和,335
阿部順子,333
福中冬子,332
岩田美喜,331
石田晴美,330
丸山瑶子,328
青柳卓弥,326
佐藤健,327
大島英幹,325
小熊英二,324
津田敦子,323
上代庸平,322
岡田安樹浩,321
鳥海崇,320
加藤彩雪,319
鈴木寛,318
木内麻理子,317
水澤篤彦,315
赤江雄一,316
齊藤邦史,314
堀美里,312
間庭正明,313
石井明,311
沢村静,310
石川昌治,308
吉岡祐次,309
麻生良文,307
琴坂将広,306
堀田隆一,305
多々良直弘,304
金澤知世,303
古谷知之,301
金子育世,300
赤木完爾,299
森井真広,298
篠原俊吾,296
上山信一,297
鈴木晃仁,295
長沖暁子,294
バンバン・ルディアント,293
ペトルス・アリ,292
沼田香穂里,291
深谷素子,289
吉川正人,290
杉本なおみ,288
田辺寛,287
武藤浩史,286
大島範子,285
沼尾恵,284
アラーナ・ボンジー,282
脇田裕正,280
夏野剛,279
中野泰志,277
シーバース・ピーター・Ｊ,278
小原健一郎,276
大島研介,275
近藤康裕,274
スキーツ・コリン,273
ボーク・ギャリー,271
福田浩章,272
大野真澄,269
松沢裕作,270
石井太,268
井手英策,266
篠根拓人,264
土居洋平,265
坂茂,262
松原彰子,263
柳町功,261
チータム・ドミニク,260
熊代文子,258
ノブオカ・メアリー,259
平沢慎也,257
大前恵一朗,256
熊代敏行,255
後藤一樹,254
駒形哲哉,253
米山かおる,251
植田浩史,252
中谷彩一郎,250
矢野久美子,249
山口仁,248
桂田昌紀,247
治山純子,246
池田薫,245
服部哲弥,243
岡本年正,244
服部 哲弥,242
アルベルト,241
ミヤン・マルティン,240
工藤由美,239
渡辺裕木,238
佐藤正樹,237
新島進,236
島内明文,235
設楽聡子,234
原谷直樹,233
西脇沙織,232
荻野恵,231
川俣雅弘,230
ソヴグラン・シルヴァン,229
高橋俊幸,228
壽里竜,227
グラースミュック・マルクス,226
平田栄一郎,225
山本昭代,223
レバリアーティ・ ガブリエレ,222
石田和晴,221
中尾知彦,220
藤田康範,219
藤谷道夫,217
宮地恵美,216
飯盛義徳,215
星浩司,214
アップス・ ピーター,213
武田圭史,212
田中浩也,211
新屋みのり,209
宮垣元,210
北川千香子,208
森さち子,207
長谷部葉子,206
加藤有佳織,190
佐川徹,189
巽孝之,188
川畑秀明,186
粂川麻里生,187
宇沢美子,185
岡原正幸,183
内藤泰宏,182
アンダーウッド・ポール R,157